phenotype,t_stat,p_value
Phenotype_A,332.3921322136084,0.0
Phenotype_B,-519.0344722039296,0.0
Phenotype_C,283.14108647955254,0.0
Phenotype_D,-326.16052497434646,0.0
Phenotype_E,-770.3882604782358,0.0
